Period,Principal,Interest,Total,Balance
0,0,0,0,3782568.084279999
1,40506.33408722048,53016.49634848616,93522.83043570664,3742061.7501927773
2,41071.694204130516,52451.13623157614,93522.83043570665,3700990.055988648
3,41645.04839140026,51877.7820443064,93522.83043570665,3659345.0075972495
4,42226.51108390458,51296.319351802056,93522.83043570664,3617118.4965133406
5,42617.876279242024,50510.553591395226,93128.42987063725,3559767.2331407354
6,43213.26658133086,49915.16328930634,93128.4298706372,3516553.9665594073
7,43817.083608272354,49311.3462623649,93128.42987063725,3472736.8829511353
8,44429.448103378956,48698.9817672583,93128.42987063725,3428307.434847756
9,45050.48256018532,48077.94731045192,93128.42987063725,3383256.952287569
10,45477.985558629116,47273.216065220746,92751.20162384986,3322986.2202204317
11,45935.886830117444,46444.76190351236,92380.6487336298,3263474.809636276
12,46578.73833885968,45801.91039477022,92380.6487336299,3216896.071297419
13,47230.70345337803,45149.9452802518,92380.64873362983,3169665.367844042
14,47891.91296668895,44488.735766940925,92380.64873362987,3121773.454877348
15,48562.499570559325,43818.1491630705,92380.64873362982,3073210.9553067912
16,49242.59788336825,43138.0508502616,92380.64873362985,3023968.3574234233
17,49628.16060548948,42229.76952213331,91857.93012762279,2957496.378100871
18,50323.74750328345,41534.18262433934,91857.93012762279,2907172.630597589
19,51029.21060660156,40828.71952102124,91857.93012762279,2856143.419990988
20,51744.691862921194,40113.23826470158,91857.93012762276,2804398.7281280663
21,52470.33528333975,39387.59484428303,91857.93012762278,2751928.3928447263
22,52964.990691149396,38500.299001683066,91465.28969283246,2688780.769300236
23,53707.812500521744,37757.47719231069,91465.28969283243,2635072.956799712
24,54461.18789023975,37004.1018025927,91465.28969283245,2580611.768909472
25,55225.26864137305,36240.021051459385,91465.28969283243,2525386.500268099
26,56000.2087430124,35465.08094982001,91465.28969283242,2469386.2915250873
27,56786.1644247349,34679.12526809753,91465.28969283243,2412600.1271003513
28,57583.294189550856,33881.99550328157,91465.28969283242,2355016.8329108013
29,58125.0280783938,32958.80623737628,91083.83431577007,2286366.620842009
30,58942.083411857144,32141.750903912947,91083.83431577009,2227424.537430153
31,59770.7706245596,31313.063691210493,91083.83431577009,2167653.766805592
32,60611.25730718702,30472.577008583077,91083.8343157701,2107042.509498404
33,61463.71349231652,29620.120823453595,91083.83431577012,2045578.7960060886
34,62328.31169037058,28755.52262539954,91083.83431577012,1983250.4843157183
35,62764.753525145374,27764.044418834514,90528.79794397988,1912614.0781733515
36,63303.81231325666,26738.935835249322,90042.74814850598,1838286.662167804
37,64194.95918935759,25847.788959148398,90042.74814850598,1774091.702978447
38,65098.81182120171,24943.936327304276,90042.74814850598,1708992.891157246
39,66015.5535522685,24027.194596237503,90042.748148506,1642977.3376049774
40,66945.37040156877,23097.377746937244,90042.74814850601,1576031.9672034087
41,67888.45110309919,22154.29704540684,90042.74814850603,1508143.516100308
42,68844.98714588388,21197.76100262213,90042.74814850601,1439298.5289544247
43,69815.17281461277,20227.575333893234,90042.74814850601,1369483.356139812
44,70799.20523088469,19243.542917621293,90042.74814850598,1298684.1509089286
45,71480.16530678057,18141.07567303384,89621.2409798144,1220286.0688669006
46,71965.78674715215,17023.956250519943,88989.74299767209,1141475.2736928992
47,72645.60717607639,15941.220489313948,88586.82766539033,1063355.4465348439
48,73669.41982437197,14917.40784101842,88586.82766539039,989686.0267104727
49,74707.84530184866,13878.982363541701,88586.82766539036,914978.1814086237
50,75761.09468159625,12825.73298379417,88586.82766539042,839217.0867270279
51,74081.70908191014,11675.883584113617,85757.59266602376,759598.9365264819
52,72649.5440606391,10630.745268590183,83280.28932922929,686949.3924658429
53,70204.58471913774,9591.17756419193,79795.76228332968,615412.82486961
54,66334.8240805365,8532.290120990097,74867.11420152661,544683.784358202
55,62076.978907090794,7548.273713752272,69625.25262084306,479404.9619717549
56,58944.12963699842,6671.892742748798,65616.02237974721,420460.8323347565
57,56080.10792857342,5803.696924015907,61883.80485258933,361679.021915407
58,49749.76195299962,5017.45423797116,54767.21619097078,311929.25996240735
59,45348.26168438555,4297.554035880541,49645.815720266095,264702.7300859584
60,42026.13430871161,3664.459525435215,45690.59383414683,222676.5957772468
61,37995.749118162275,3079.6024041038886,41075.351522266166,184680.84665908455
62,34500.07041148188,2553.5431699640926,37053.61358144597,150180.7762476027
63,30041.200867777265,2075.178001504695,32116.378869281958,120139.57537982552
64,26612.94320090697,1628.7462712626289,28241.6894721696,91351.26249477865
65,21562.447091238435,1260.5190816600684,22822.966172898505,69788.81540354021
66,18971.571744232988,962.0661612125431,19933.637905445532,50817.243659307256
67,15527.48068242221,700.3792362425182,16227.859918664728,35289.762976884995
68,14424.330206292052,485.97011984625493,14910.300326138307,20865.432770592968
69,8379.206268687396,285.8125800488224,8665.018848736217,12486.2265019056
70,6689.443498626224,171.65210354630867,6861.095602172532,5796.783003279394
71,5796.783003279402,79.8917800540983,5876.6747833335,0
